{"frames": {

"bear.svg":
{
	"frame": {"x":0,"y":0,"w":256,"h":256},
	"rotated": false,
	"trimmed": false,
	"spriteSourceSize": {"x":0,"y":0,"w":256,"h":256},
	"sourceSize": {"w":256,"h":256},
	"anchor": {"x":0.5,"y":0.5}
},
"player.svg":
{
	"frame": {"x":256,"y":0,"w":128,"h":128},
	"rotated": false,
	"trimmed": false,
	"spriteSourceSize": {"x":0,"y":0,"w":128,"h":128},
	"sourceSize": {"w":128,"h":128},
	"anchor": {"x":0.5,"y":0.5}
}},
"meta": {
	"app": "https://www.codeandweb.com/texturepacker",
	"version": "1.0",
	"image": "spritesheet.png",
	"format": "RGBA8888",
	"size": {"w":384,"h":256},
	"scale": "1",
	"smartupdate": "$TexturePacker:SmartUpdate:39ce25385b8cebd3691d276e40bd375b:1d64fe08cfdf383bf1e96a70a8088307:729adc6043343cfda41c447ce8f464d6$"
}
}
